tweet,processed_tweet,label,semantic_category
"@stellargirl I loooooooovvvvvveee my Kindle2. Not that the DX is cool, but the 2 is fantastic in its own right.",looovvvee kindl not dx cool fantast right,pos,books
Reading my kindle2...  Love it... Lee childs is good read.,read kindl love lee child good read,pos,books
"Ok, first assesment of the #kindle2 ...it fucking rocks!!!",ok first asses kindl fuck rock,pos,books
@kenburbary You'll love your Kindle2. I've had mine for a few months and never looked back. The new big one is huge! No need for remorse! :),love kindl mine month never look back new big one huge no need remors :),pos,books
@mikefish  Fair enough. But i have the Kindle2 and I think it's perfect  :),fair enough kindl think perfect :),pos,books
@richardebaker no. it is too big. I'm quite happy with the Kindle2.,no big quit happi kindl,pos,books
Fuck this economy. I hate aig and their non loan given asses.,fuck economi hate aig non loan given ass,neg,unlabeled
Jquery is my new best friend.,jqueri new best friend,pos,IT
Loves twitter,love twitter,pos,Twitter
how can you not love Obama? he makes jokes about himself.,not love obama make joke,pos,politics
Check this video out -- President Obama at the White House Correspondents' Dinner http://bit.ly/IMXUM,check video presid obama white hous correspond dinner,neutral,politics
"@Karoli I firmly believe that Obama/Pelosi have ZERO desire to be civil.  It's a charade and a slogan, but they want to destroy conservatism",firmli believ obama pelosi zero desir civil charad slogan want destroy conservat,neg,politics
"House Correspondents dinner was last night whoopi, barbara &amp; sherri went, Obama got a standing ovation",hous correspond dinner last_night whoopi barbara sherri went obama got stand ovat,pos,politics
Watchin Espn..Jus seen this new Nike Commerical with a Puppet Lebron..sh*t was hilarious...LMAO!!!,watchin espnju seen new nike commer puppet lebronsh hilariouslmao,pos,Nike
"dear nike, stop with the flywire. that shit is a waste of science. and ugly. love, @vincentx24x",dear nike stop flywir shit wast scienc ugli love,neg,Nike
"#lebron best athlete of our generation, if not all time (basketball related) I don't want to get into inter-sport debates about   __1/2",lebron best athlet gener not time basketbal relat not want get inter-sport debat,pos,sports
I was talking to this guy last night and he was telling me that he is a die hard Spurs fan.  He also told me that he hates LeBron James.,talk guy last_night tell die hard spur fan also told hate lebron jame,neg,sports
i love lebron. http://bit.ly/PdHur,love lebron,pos,sports
"@ludajuice Lebron is a Beast, but I'm still cheering 4 the A..til the end.",lebron beast still cheer atil end,neg,sports
@Pmillzz lebron IS THE BOSS,lebron boss,pos,sports
"@sketchbug Lebron is a hometown hero to me, lol I love the Lakers but let's go Cavs, lol",lebron hometown hero lol love laker let us go cav lol,pos,politics
lebron and zydrunas are such an awesome duo,lebron zydruna awesom duo,pos,sports
@wordwhizkid Lebron is a beast... nobody in the NBA comes even close.,lebron beast nobodi nba come even close,pos,sports
downloading apps for my iphone! So much fun :-) There literally is an app for just about anything.,download app iphon much fun :-) liter app anyth,pos,mobile devices
"good news, just had a call from the Visa office, saying everything is fine.....what a relief! I am sick of scams out there! Stealing!",good news call visa offic say everyth finewhat relief sick scam steal,pos,unlabeled
http://twurl.nl/epkr4b - awesome come back from @biz (via @fredwilson),awesom come back via,pos,unlabeled
In montreal for a long weekend of R&amp;R. Much needed.,montreal long weekend much need,pos,cities
Booz Allen Hamilton has a bad ass homegrown social collaboration platform. Way cool!  #ttiv,booz allen hamilton bad ass homegrown social collabor platform way cool ttiv,pos,unlabeled
[#MLUC09] Customer Innovation Award Winner: Booz Allen Hamilton -- http://ping.fm/c2hPP,mluc custom innov award winner booz allen hamilton,pos,unlabeled
"@SoChi2 I current use the Nikon D90 and love it, but not as much as the Canon 40D/50D. I chose the D90 for the  video feature. My mistake.",current use nikon love not much canon chose video featur mistak,pos,DSLR cameras
need suggestions for a good IR filter for my canon 40D ... got some? pls DM,need suggest good ir filter canon got pl dm,neutral,DSLR cameras
@surfit: I just checked my google for my business- blip shows up as the second entry! Huh. Is that a good or ba... ? http://blip.fm/~6emhv,check googl busi blip show second entri huh good ba,neutral,unlabeled
"@phyreman9 Google is always a good place to look. Should've mentioned I worked on the Mustang w/ my Dad, @KimbleT.",googl alway good place look mention work mustang dad,pos,unlabeled
Played with an android google phone. The slide out screen scares me I would break that fucker so fast. Still prefer my iPhone.,play android googl phone slide screen scare would break fucker fast still prefer iphon,neg,mobile devices
US planning to resume the military tribunals at Guantanamo Bay... only this time those on trial will be AIG execs and Chrysler debt holders,us plan resum militari tribun guantanamo bay time trial aig exec chrysler debt holder,neg,politics
omg so bored &amp; my tattoooos are so itchy!!  help! aha =),omg bore tattooo itchi help aha =),neg,unlabeled
I'm itchy and miserable!,itchi miser,neg,unlabeled
"@sekseemess no. I'm not itchy for now. Maybe later, lol.",no not itchi mayb later lol,neg,unlabeled
RT @jessverr I love the nerdy Stanford human biology videos - makes me miss school. http://bit.ly/13t7NR,love nerdi stanford human biolog video make miss school,pos,unlabeled
"@spinuzzi: Has been a bit crazy, with steep learning curve, but LyX is really good for long docs. For anything shorter, it would be insane.",bit crazi steep learn curv lyx realli good long doc anyth shorter would insan,pos,unlabeled
"I'm listening to ""P.Y.T"" by Danny Gokey &lt;3 &lt;3 &lt;3 Aww, he's so amazing. I &lt;3 him so much :)",listen danni_gokey aww amaz much :),pos,unlabeled
is going to sleep then on a bike ride:],go sleep bike ride :],pos,unlabeled
cant sleep... my tooth is aching.,not sleep tooth ach,neg,dentist
"Blah, blah, blah same old same old. No plans today, going back to sleep I guess.",blah blah blah old old no plan today go back sleep guess,neg,unlabeled
"glad i didnt do Bay to Breakers today, it's 1000 freaking degrees in San Francisco wtf",glad not bay breaker today freak degre san_francisco wtf,neg,cities
is in San Francisco at Bay to Breakers.,san_francisco bay breaker,neutral,cities
just landed at San Francisco,land san_francisco,neutral,cities
San Francisco today.  Any suggestions?,san_francisco today suggest,neutral,cities
?Obama Administration Must Stop Bonuses to AIG Ponzi Schemers ... http://bit.ly/2CUIg,obama administr must stop bonus aig ponzi schemer,neg,politics
started to think that Citi is in really deep s&amp;^t. Are they gonna survive the turmoil or are they gonna be the next AIG?,start think citi realli deep go surviv turmoil go next aig,neg,unlabeled
ShaunWoo hate'n on AiG,shaunwoo hate'n aig,neg,unlabeled
@YarnThing you will not regret going to see Star Trek. It was AWESOME!,not regret go_see star_trek awesom,pos,movies
On my way to see Star Trek @ The Esquire.,way see_star trek esquir,neutral,movies
Going to see star trek soon with my dad.,go_see star_trek soon dad,neutral,movies
annoying new trend on the internets:  people picking apart michael lewis and malcolm gladwell.  nobody wants to read that.,annoy new trend internet peopl pick apart michael lewi malcolm_gladwel nobodi want read,neg,books
Bill Simmons in conversation with Malcolm Gladwell http://bit.ly/j9o50,bill simmon convers malcolm_gladwel,neutral,books
Highly recommend: http://tinyurl.com/HowDavidBeatsGoliath by Malcolm Gladwell,highli recommend malcolm_gladwel,pos,books
Blink by malcolm gladwell amazing book and The tipping point!,blink malcolm_gladwel amaz book tip point,pos,books
Malcolm Gladwell might be my new man crush,malcolm_gladwel might new man crush,pos,books
omg. The commercials alone on ESPN are going to drive me nuts.,omg commerci alon espn go drive nut,neg,cable TV
@robmalon Playing with Twitter API sounds fun.  May need to take a class or find a new friend who like to generate results with API code.,play twitter_api sound fun may need take class find new friend like gener result api code,pos,Twitter
playing with cURL and the Twitter API,play curl twitter_api,neutral,Twitter
Hello Twitter API ;),hello twitter_api ;),pos,Twitter
playing with Java and the Twitter API,play java twitter_api,neutral,Twitter
@morind45 Because the twitter api is slow and most client's aren't good.,twitter_api slow client not good,neg,Twitter
yahoo answers can be a butt sometimes,yahoo answer butt sometim,neg,unlabeled
is scrapbooking with Nic =D,scrapbook nic =d,pos,unlabeled
RT @mashable: Five Things Wolfram Alpha Does Better (And Vastly Different) Than Google - http://bit.ly/6nSnR,five thing wolfram alpha better vastli differ googl,pos,IT
just changed my default pic to a Nike basketball cause bball is awesome!!!!!,chang default pic nike basketbal bball awesom,pos,Nike
"Nike owns NBA Playoffs ads w/ LeBron, Kobe, Carmelo? http://ow.ly/7Uiy  #Adidas #Billups #Howard  #Marketing #Branding",nike own nba playoff ad lebron kobe carmelo adida billup howard market brand,neutral,Nike
"'Next time, I'll call myself Nike'",next time call nike,neutral,Nike
New blog post: Nike SB Dunk Low Premium 'White Gum' http://tr.im/lOtT,new_blog post nike sb dunk low premium white gum,neutral,blogging
RT @SmartChickPDX: Was just told that Nike layoffs started today :-(,told nike layoff start today :-(,neg,Nike
Back when I worked for Nike we had one fav word : JUST DO IT! :),back work nike one fav word :),pos,Nike
"By the way, I'm totally inspired by this freaky Nike commercial: http://snurl.com/icgj9",way total inspir freaki nike commerci,pos,Nike
"giving weka an app engine interface, using the bird strike data for the tests, the logo is a given.",give weka app engin interfac use bird strike data test logo given,neutral,unlabeled
"Brand New Canon EOS 50D 15MP DSLR Camera Canon 17-85mm IS Lens ...: Web Technology Thread, Brand New Canon EOS 5.. http://u.mavrev.com/5a3t",brand new canon eo mp dslr camera canon mm len web technolog thread brand new canon eo,neutral,DSLR cameras
Class... The 50d is supposed to come today :),class suppos come today :),pos,unlabeled
needs someone to explain lambda calculus to him! :(,need someon explain lambda calculu :(,neg,IT
Took the Graduate Field Exam for Computer Science today.  Nothing makes you feel like more of an idiot than lambda calculus.,took graduat field exam comput scienc today noth make feel like idiot lambda calculu,neg,IT
SHOUT OUTS TO ALL EAST PALO ALTO FOR BEING IN THE BUILDIN KARIZMAKAZE 50CAL GTA! ALSO THANKS TO PROFITS OF DOOM UNIVERSAL HEMPZ CRACKA......,shout out east_palo alto buildin karizmakaz cal gta also thank profit doom univers hempz cracka,pos,cities
"@legalgeekery Yeahhhhhhhhh, I wouldn't really have lived in East Palo Alto if I could have avoided it.  I guess it's only for the summer.",yeahhh would not realli live east_palo alto could avoid guess summer,neg,cities
@accannis @edog1203 Great Stanford course. Thanks for making it available to the public! Really helpful and informative for starting off!,great stanford cours thank make avail public realli help inform start,pos,unlabeled
"NVIDIA Names Stanford's Bill Dally Chief Scientist, VP Of Research http://bit.ly/Fvvg9",nvidia name stanford bill dalli chief scientist vp research,neutral,unlabeled
New blog post: Harvard Versus Stanford - Who Wins? http://bit.ly/MCoCo,new_blog post harvard versu stanford win,neutral,blogging
@ work til 6pm... lets go lakers!!!,work til pm let us go laker,pos,politics
Damn you North Korea. http://bit.ly/KtMeQ,damn north_korea,neg,politics
Can we just go ahead and blow North Korea off the map already?,go ahead blow north_korea map alreadi,neg,politics
"North Korea, please cease this douchebaggery. China doesn't even like you anymore. http://bit.ly/NeHSl",north_korea pleas ceas douchebaggeri china not even like anymor,neg,politics
Why the hell is Pelosi in freakin China? and on whose dime?,hell pelosi freakin china whose dime,neg,politics
"Are YOU burning more cash $$$ than Chrysler and GM? Stop the financial tsunami. Where ""bailout"" means taking a handout!",burn cash chrysler gm stop financi tsunami bailout mean take handout,neg,car industry
insects have infected my spinach plant :(,insect infect spinach plant :(,neg,unlabeled
wish i could catch every mosquito in the world n burn em slowly.they been bitin the shit outta me 2day.mosquitos are the assholes of insects,wish could catch everi mosquito world burn slowly.they bitin shit outta day.mosquito asshol insect,neg,unlabeled
"just got back from church, and I totally hate insects.",got back church total hate insect,neg,unlabeled
Just got mcdonalds goddam those eggs make me sick. O yeah Laker up date go lakers. Not much of an update? Well it's true so suck it,got mcdonald goddam egg make sick yeah laker date go laker not much updat well true suck,neg,food
omgg i ohhdee want mcdonalds damn i wonder if its open lol =],omgg ohhde want mcdonald damn wonder open lol =],pos,food
History exam studying ugh,histori exam studi ugh,neg,unlabeled
"I hate revision, it's so boring! I am totally unprepared for my exam tomorrow :( Things are not looking good...",hate revis bore total unprepar exam tomorrow :( thing not look good,neg,unlabeled
"Higher physics exam tommorow, not lookin forward to it much :(",higher physic exam tommorow not lookin forward much :(,neg,unlabeled
"It's a bank holiday, yet I'm only out of work now. Exam season sucks:(",bank holiday yet work exam season suck :(,neg,unlabeled
Cheney and Bush are the real culprits - http://fwix.com/article/939496,cheney bush real culprit,neg,politics
Life?s a bitch? and so is Dick Cheney. #p2 #bipart #tlot #tcot #hhrs #GOP #DNC http://is.gd/DjyQ,life bitch dick cheney bipart tlot tcot hhr gop dnc,neg,unlabeled
"Dick Cheney's dishonest speech about torture, terror, and Obama. -Fred Kaplan Slate. http://is.gd/DiHg",dick cheney dishonest speech tortur terror obama fred kaplan slate,neg,politics
"""The Republican party is a bunch of anti-abortion zealots who couldn't draw flies to a dump."" -- Neal Boortz (just now, on the radio)",republican parti bunch anti-abort zealot could not draw fli dump neal boortz radio,neg,unlabeled
is Twitter's connections API broken? Some tweets didn't make it to Twitter...,twitter connect api broken tweet not make twitter,neg,Twitter
"i srsly hate the stupid twitter API timeout thing, soooo annoying!!!!! :(",srsli hate stupid twitter_api timeout thing sooo annoy :(,neg,Twitter
"@psychemedia I really liked @kswedberg's ""Learning jQuery"" book. http://bit.ly/pg0lT is worth a look too",realli like learn jqueri book worth look,pos,books
jQuery UI 1.6 Book Review - http://cfbloggers.org/?c=30631,jqueri ui book review,neutral,books
"Very Interesting Ad from Adobe by Goodby, Silverstein &amp; Partners - YouTube - Adobe CS4: Le Sens Propre http://bit.ly/VprpT",interest ad adob goodbi_silverstein partner youtub adob cs le sen propr,pos,unlabeled
Goodby Silverstein agency new site! http://www.goodbysilverstein.com/ Great!,goodbi_silverstein agenc new site great,pos,unlabeled
"RT @designplay Goodby, Silverstein's new site: http://www.goodbysilverstein.com/ I enjoy it. *nice find!*",goodbi_silverstein new site enjoy nice find,pos,unlabeled
The ever amazing Psyop and Goodby Silverstein &amp; Partners for HP! http://bit.ly/g2rU8 Have to go play with After Effects now!,ever amaz psyop goodbi_silverstein partner hp go play effect,pos,unlabeled
top ten most watched on Viral-Video Chart.  Love the nike #mostvaluablepuppets campaign from Wieden &amp; Kennedy http://bit.ly/nR1n9,top ten watch viral-video chart love nike mostvaluablepuppet campaign wieden kennedi,pos,Nike
zomg!!! I have a G2!!!!!!!,zomg,pos,unlabeled
Ok so lots of buzz from IO2009 but how lucky are they - a Free G2!! http://is.gd/Hyzl,ok lot buzz io lucki free,pos,unlabeled
just got a free G2 android at google i/o!!!,got free android googl,pos,mobile devices
Guess I'll be retiring my G1 and start using my developer G2 woot #googleio,guess retir start use develop woot googleio,pos,unlabeled
At GWT fireside chat @googleio,gwt firesid chat,neutral,unlabeled
I am happy for Philip being at GoogleIO today,happi philip googleio today,pos,unlabeled
Lakers played great!  Cannot wait for Thursday night Lakers vs. ???,laker play great cannot wait thursday night laker vs,pos,sports
"Hi there, does anyone have a great source for advice on viral marketing?... http://link.gs/YtZ8",hi anyon great sourc advic viral_market,neutral,unlabeled
Judd Apatow creates fake sitcom on NBC.com to market his new movie... viral marketing at its best. http://is.gd/K0yK,judd apatow creat fake sitcom nbc.com market new movi viral_market best,pos,movies
"Here's A case study on how to use viral marketing to add over 10,000 people to your list http://snipr.com/i50oz",case studi use viral_market add peopl list,neutral,unlabeled
VIRAL MARKETING FAIL. This Acia Pills brand oughta get shut down for hacking into people's messenger's.  i get 5-6 msgs in a day! Arrrgh!,viral_market fail acia pill brand oughta get shut hack people messenger get msg day arrrgh,neg,unlabeled
watching Night at The Museum . Lmao,watch_night museum lmao,pos,movies
i loved night at the museum!!!,love night_museum,pos,movies
going to see the new night at the museum  movie with my family oh boy a three year old in the movies fuin,go_see new night_museum movi famili oh boy three year old movi fuin,neutral,movies
just got back from the movies.  went to see the new night at the museum with rachel.  it was good,got back movi went see new night_museum rachel good,pos,movies
Just saw the new Night at the Museum movie...it was...okay...lol 7\10,saw new night_museum movieit wasokaylol,neutral,movies
Going to see night at the museum 2 with tall boy,go_see night_museum tall boy,neutral,movies
@shannyoday I will take you on a date to see night at the museum 2 whenever you want...it looks soooooo good,take date see_night museum whenev wantit look sooo good,pos,movies
no watching The Night At The Museum. Getting Really Good,no watch_night museum get realli good,pos,movies
"Night at the Museum, Wolverine and junk food - perfect monday!",night_museum wolverin junk food perfect monday,pos,food
saw night at the museum 2 last night.. pretty crazy movie.. but the cast was awesome so it was well worth it. Robin Williams forever!,saw night_museum last_night pretti crazi movi cast awesom well worth robin william forev,pos,movies
I saw Night at the Museum: Battle of the Swithsonian today. It was okay. Your typical [kids] Ben Stiller movie.,saw night_museum battl swithsonian today okay typic kid ben stiller movi,neutral,movies
Taking Katie to see Night at the Museum.  (she picked it),take kati see_night museum pick,neutral,movies
Night at the Museum tonite instead of UP. :( oh well. that 4 yr old better enjoy it. LOL,night_museum tonit instead :( oh well yr old better enjoy lol,neg,movies
GM says expects announcment on sale of Hummer soon - Reuters: WDSUGM says expects announcment on sale of Hummer .. http://bit.ly/4E1Fv,gm say expect announc sale hummer soon reuter wdsugm say expect announc sale hummer,neutral,car industry
It's unfortunate that after the Stimulus plan was put in place twice to help GM on the back of the American people has led to the inevitable,unfortun stimulu plan put place twice help gm back american peopl led inevit,neg,car industry
Tell me again why we are giving more $$ to GM?? We should use that $ for all the programs that support the unemployed.,tell give gm use program support unemploy,neg,car industry
@jdreiss oh yes but if GM dies it will only be worth more boo hahaha,oh ye gm die worth boo hahaha,neg,car industry
Time Warner cable is down again 3rd time since Memorial Day bummer!,time_warner cabl rd time sinc memori day bummer,neg,cable TV
"I would rather pay reasonable yearly taxes for ""free"" fast internet, than get gouged by Time Warner for a slow connection.",would rather pay reason yearli tax free fast internet get goug time_warner slow connect,neg,cable TV
NOOOOOOO my DVR just died and I was only half way through the EA presser. Hate you Time Warner,nooo dvr die half way ea presser hate time_warner,neg,cable TV
F*ck Time Warner Cable!!! You f*cking suck balls!!! I have a $700 HD tv &amp; my damn HD channels hardly ever come in. Bullshit!!,ck time_warner cabl cking suck ball hd tv damn hd channel hardli ever come bullshit,neg,cable TV
time warner has the worse customer service ever. I will never use them again,time_warner wors custom servic ever never use,neg,cable TV
Time warner is the devil. Worst possible time for the Internet to go out.,time_warner devil worst possibl time internet go,neg,cable TV
Fuck no internet damn time warner!,fuck no internet damn time_warner,neg,cable TV
time warner really picks the worst time to not work. all i want to do is get to mtv.com so i can watch the hills. wtfffff.,time_warner realli pick worst time not work want get mtv.com watch hill wtfff,neg,cable TV
I hate Time Warner! Soooo wish I had Vios. Cant watch the fricken Mets game w/o buffering. I feel like im watching free internet porn.,hate time_warner sooo wish vio not watch fricken met game buffer feel like watch free internet porn,neg,cable TV
Ahh...got rid of stupid time warner today &amp; now taking a nap while the roomies cook for me. Pretty good end for a monday :),ahhgot rid stupid time_warner today take nap roomi cook pretti good end monday :),neg,cable TV
Time Warner's HD line up is crap.,time_warner hd line crap,neg,cable TV
is being fucked by time warner cable. didnt know modems could explode. and Susan Boyle sucks too!,fuck time_warner cabl not know modem could explod susan boyl suck,neg,cable TV
Time Warner Cable Pulls the Plug on 'The Girlfriend Experience' - (www.tinyurl.com/m595fk),time_warner cabl pull plug girlfriend experi www.tinyurl.com/mfk,neutral,cable TV
Time Warner Cable slogan: Where calling it a day at 2pm Happens.,time_warner cabl slogan call day pm happen,neg,cable TV
"Rocawear Heads to China, Building 300 Stores  - http://tinyurl.com/nofet3",rocawear head china build store,neutral,politics
"Climate focus turns to Beijing: The United Nations, the US and European governments have called on China to co-o.. http://tinyurl.com/lto92n",climat focu turn beij unit nation us european govern call china co-of,neutral,politics
myfoxdc Barrie Students Back from Trip to China: A Silver Spring high school's class trip to China has en.. http://tinyurl.com/nlhqba,myfoxdc barri student back trip china silver spring high school class trip china en,neutral,politics
"Three China aerospace giants develop Tianjin Binhai  New Area,  22.9 B yuan invested   http://bit.ly/mMiDv",three china aerospac giant develop tianjin binhai new area yuan invest,neutral,politics
http://xi.gs/04FO GM CEO: China will continue to be key partner,gm ceo china continu key partner,neutral,politics
RT @LATimesautos is now the time to buy a GM car? http://bit.ly/nRzlu,time buy gm car,neutral,car industry
Recovering from surgery..wishing @julesrenner was here :(,recov surgerywish :(,neg,unlabeled
"My wrist still hurts. I have to get it looked at. I HATE the dr/dentist/scary places. :( Time to watch Eagle eye. If you want to join, txt!",wrist still hurt get look hate dr dentist scari place :( time watch eagl eye want join txt,pos,dentist
Dentist tomorrow. Have to brush well in the morning. Like I make my hair all nice before I get it cut. Why?,dentist tomorrow brush well morn like make hair nice get cut,neutral,dentist
"THE DENTIST LIED! "" U WON'T FEEL ANY DISCOMORT! PROB WON'T EVEN NEED PAIN PILLS"" MAN U TWIPPIN THIS SHIT HURT!! HOW MANY PILLS CAN I TAKE!!",dentist lie not feel discomo prob not even need pain pill man twippin shit hu mani pill take,neg,dentist
@kirstiealley my dentist is great but she's expensive...=(,dentist great expens =(,neg,dentist
@kirstiealley Pet Dentist http://www.funnyville.com/fv/pictures/dogdentures.shtml,pet dentist,neutral,dentist
is studing math ;) tomorrow exam and dentist :),stude math ;) tomorrow exam dentist :),pos,dentist
my dentist was wrong... WRONG,dentist wrong wrong,neg,dentist
Going to the dentist later.:|,go dentist later :|,neg,dentist
Son has me looking at cars online.  I hate car shopping.  Would rather go to the dentist!  Anyone with a good car at a good price to sell?,son look car onlin hate car shop would rather go dentist anyon good car good price sell,neg,dentist
NCAA Baseball Super Regional - Rams Club http://bit.ly/Ro7nx,ncaa basebal super region ram club,neutral,sports
just started playing Major League Baseball 2K9. http://raptr.com/H3LLGWAR,start play major leagu basebal,neutral,sports
Cardinals baseball advance to Super Regionals. Face CS-Fullerton Friday.,cardin basebal advanc super region face cs-fullerton friday,neutral,sports
Sony coupon code.. Expires soon.. http://www.coupondork.com/r/1796,soni coupon code expir soon,neutral,unlabeled
waiting in line at safeway.,wait line safeway,neutral,food
luke and i got stopped walking out of safeway and asked to empty our pockets and lift our shirts. how jacked up is that?,luke got stop walk safeway ask empti pocket lift shirt jack,neg,food
Did not realize there is a gym above Safeway!,not realiz gym safeway,neutral,food
"@XPhile1908 I have three words for you: ""Safeway dot com""",three word safeway dot com,neutral,food
Safeway is very rock n roll tonight,safeway rock roll tonight,pos,food
Bout to hit safeway I gotta eat,bout hit safeway got eat,neutral,food
Jake's going to safeway!,jake go safeway,neutral,food
Found a safeway. Picking up a few staples.,found safeway pick stapl,neutral,food
Safeway Super-marketing via mobile coupons http://bit.ly/ONH7w,safeway super-market via mobil coupon,neutral,food
The safeway bathroom still smells like ass!,safeway bathroom still smell like ass,neg,food
"At safeway on elkhorn, they move like they're dead!",safeway elkhorn move like dead,neg,food
Your Normal Weight (and How to Get There) ? Normal Eating Blog http://bit.ly/ZeT8O,normal weight get normal eat blog,neutral,blogging
Is Eating and Watching Movies....,eat watch movi,neutral,food
eating sashimi,eat sashimi,neutral,food
is eating  home made yema,eat home made yema,neutral,food
eating cake,eat cake,neutral,food
i love Dwight Howard's vitamin water commercial... now i wish he was with NIKE and not adidas. lol.,love dwight howard vitamin water commerci wish nike not adida lol,pos,Nike
Found NOTHING at Nike Factory :/ Off to Banana Republic Outlet! http://myloc.me/2zic,found noth nike factori :/ banana republ outlet,neg,Nike
iPhone May Get Radio Tagging and Nike  : Recently-released iTunes version 8.2 suggests that VoiceOver functional.. http://tinyurl.com/oq5ctc,iphon may get radio tag nike recently-releas itun version suggest voiceov function,neutral,mobile devices
is lovin his Nike  already and that's only from running on the spot in his bedroom,lovin nike alreadi run spot bedroom,pos,Nike
Launched! http://imgsearch.net  #imgsearch #ajax #jquery #webapp,launch imgsearch ajax jqueri webapp,neutral,IT
@matthewcyan I finally got around to using jquery to make my bio collapse. Yay for slide animations.,final got around use jqueri make bio collaps yay slide anim,pos,IT
RT @jquery: The Ultimate jQuery List - http://jquerylist.com/,ultim jqueri list,neutral,IT
I just extracted and open-sourced a jQuery plugin from Stormweight to highlight text with a regular expression: http://bit.ly/ybJKb,extract open-sourc jqueri plugin stormweight highlight text regular express,neutral,IT
@anna_debenham what was the php jquery hack?,php jqueri hack,neutral,IT
jQuery Cheat Sheet http://www.javascripttoolbox.com/jquery/cheatsheet/,jqueri cheat sheet,neutral,IT
Beginning JavaScript and CSS Development with jQuery #javascript #css #jquery http://bit.ly/TO3e5,begin javascript css develop jqueri javascript css jqueri,neutral,IT
"@PDubyaD right!!! LOL we'll get there!! I have high expectations, Warren Buffet style.",right lol get high expect warren_buffet style,pos,Warren Buffett
"RT @blknprecious1: RT GREAT @dbroos ""Someone's sitting in the shade today because someone planted a tree a long time ago.""- Warren Buffet",great someon sit shade today someon plant tree long time ago warren_buffet,pos,Warren Buffett
Warren Buffet on the economy http://ping.fm/Lau0p,warren_buffet economi,neutral,Warren Buffett
"Warren Buffet became (for a time) the richest man in the United States, not by working but investing in 1 Big idea which lead to the fortune",warren_buffet becam time richest man unit state not work invest big idea lead fortun,pos,Warren Buffett
"According to the create a school, Notre Dame will have 7 receivers in NCAA 10 at 84 or higher rating :) *sweet*",accord creat school notr dame receiv ncaa higher rate :) sweet,pos,sports
All-Star Basketball Classic Tuesday Features Top Talent: Chattanooga's Notre Dame High School will play host.. http://bit.ly/qltJA,all-star basketbal classic tuesday featur top talent chattanooga notr dame high school play host,neutral,sports
@BlondeBroad it's definitely under warranty &amp; my experience is the amazon support for kindle is great! had to contact them about my kindle2,definit warranti experi amazon support kindl great contact kindl,pos,books
"RT Look, Available !Amazon Kindle2 &amp; Kindle DX, Get it Here: http://short.to/87ub The Top Electronic Book Reader Period, free 2 day ship ...",look avail amazon kindl kindl dx get top electron book reader period free day ship,neutral,books
Time Warner Road Runner customer support here absolutely blows. I hate not having other high-speed net options. I'm ready to go nuclear.,time_warner road runner custom support absolut blow hate not high-spe net option readi go nuclear,neg,cable TV
Time Warner cable phone reps r dumber than nails!!!!! UGH! Cable was working 10 mins ago now its not WTF!,time_warner cabl phone rep dumber nail ugh cabl work min ago not wtf,neg,mobile devices
@siratomofbones we tried but Time Warner wasn't being nice so we recorded today. :),tri time_warner not nice record today :),neg,cable TV
OMG - time warner f'ed up my internet install - instead of today  its now NEXT saturday - another week w/o internet! &amp;$*ehfa^V9fhg[*# fml.,omg time_warner f'ed internet instal instead today next saturday anoth week internet ehfa vfhg fml,neg,cable TV
"wth..i have never seen a line this loooong at time warner before, ugh.",wthi never seen line looong time_warner ugh,neg,cable TV
Impatiently awaiting the arrival of the time warner guy. It's way too pretty to be inside all afternoon,impati await arriv time_warner guy way pretti insid afternoon,neg,cable TV
Man accosts Roger Federer during French Open http://ff.im/3HCPT,man accost roger feder french open,neutral,sports
Naive Bayes using EM for Text Classification. Really Frustrating...,naiv bay use text classif realli frustrat,neg,IT
We went to Stanford University today. Got a tour. Made me want to go back to college. It's also decided all of our kids will go there.,went stanford univers today got tour made want go back colleg also decid kid go,pos,unlabeled
Investigation pending on death of Stanford CS prof / Google mentor Rajeev Motwani http://bit.ly/LwOUR tip @techmeme,investig pend death stanford cs prof googl mentor rajeev motwani tip,neutral,unlabeled
"I'm going to bed. It was a successful weekend. Stanford, here I come.",go bed success weekend stanford come,neutral,unlabeled
"@KarrisFoxy If you're being harassed by calls about your car warranty, changing your number won't fix that. They call every number. #d-bags",harass call car warranti chang number not fix call everi number d-bag,neg,unlabeled
Just blocked United Blood Services using Google Voice. They call more than those Car Warranty guys.,block unit blood servic use googl voic call car warranti guy,neg,unlabeled
#at&amp;t is complete fail.,complet fail,neg,unlabeled
@broskiii OH SNAP YOU WORK AT AT&amp;T DON'T YOU,oh snap work not,neg,unlabeled
@Mbjthegreat i really dont want AT&amp;T phone service..they suck when it comes to having a signal,realli not want phone servicethey suck come signal,neg,mobile devices
"I say we just cut out the small talk: AT&amp;T's new slogan: F__k you, give us your money. (Apologies to Bob Geldof.)",say cut small talk t new slogan fk give us money apolog bob geldof,neg,politics
pissed about at&amp;t's mid-contract upgrade price for the iPhone (it's $200 more) I'm not going to pay $499 for something I thought was $299,piss t mid-contract upgrad price iphon not go pay someth thought,neg,mobile devices
Safari 4 is fast :) Even on my shitty AT&amp;T tethering.,safari fast :) even shitti tether,neg,mobile devices
@ims What is AT&amp;T fucking up?,fuck,neg,unlabeled
@springsingfiend @dvyers @sethdaggett @jlshack AT&amp;T dropped the ball and isn't supporting crap with the new iPhone 3.0... FAIL #att SUCKS!!!,drop ball not support crap new iphon fail att suck,neg,mobile devices
"@MMBarnhill yay, glad you got the phone! Still, damn you, AT&amp;T.",yay glad got phone still damn,neg,mobile devices
Google Wave Developer Sandbox Account Request http://bit.ly/2NYlc,googl wave develop sandbox account request,neutral,unlabeled
"Talk is Cheap: Bing that, I?ll stick with Google. http://bit.ly/XC3C8",talk cheap bing stick googl,neg,unlabeled
"@defsounds WTF is the point of deleting tweets if they can still be found in summize and searches? Twitter, please fix that. Thanks and bye",wtf point delet tweet still found summiz search twitter pleas fix thank bye,neg,Twitter
@mattcutts have google profiles stopped showing up in searches? cant see them anymore,googl profil stop show search not see anymor,neutral,unlabeled
@ArunBasilLal I love Google Translator too ! :D Good day mate !,love googl translat :d good day mate,pos,unlabeled
reading on my new Kindle2!,read new kindl,pos,books
My Kindle2 came and I LOVE it! :),kindl came love :),pos,books
"LOVING my new Kindle2.  Named her Kendra in case u were wondering. The ""cookbook"" is THE tool cuz it tells u all the tricks!  Best gift EVR!",love new kindl name kendra case wonder cookbook tool cuz tell trick best gift evr,pos,books
The real AIG scandal / http://bit.ly/b82Px,real aig scandal,neg,unlabeled
Any twitter to aprs apps yet?,twitter apr app yet,neutral,Twitter
45 Pros You Should Be Following on Twitter - http://is.gd/sMbZ,pro follow twitter,neutral,Twitter
Obama is quite a good comedian! check out his dinner speech on CNN :) very funny jokes.,obama quit good comedian check dinner speech cnn :) funni joke,pos,politics
"' Barack Obama shows his funny side "" &gt;&gt; http://tr.im/l0gY !! Great speech..",barack obama show funni side great speech,pos,politics
"I like this guy : ' Barack Obama shows his funny side "" &gt;&gt; http://tr.im/l0gY !!",like guy barack obama show funni side,pos,politics
Obama's speech was pretty awesome last night! http://bit.ly/IMXUM,obama speech pretti awesom last_night,pos,politics
"Reading  ""Bill Clinton Fail - Obama Win?"" http://tinyurl.com/pcyxj7",read bill clinton fail obama win,pos,politics
Obama More Popular Than U.S. Among Arabs: Survey: President Barack Obama's popularity in leading Arab countries .. http://tinyurl.com/prlvqu,obama popular among arab survey presid barack obama popular lead arab countri,pos,politics
Obama's got JOKES!! haha just got to watch a bit of his after dinner speech from last night... i'm in love with mr. president ;),obama got joke haha got watch bit dinner speech last_night love mr presid ;),pos,politics
LEbron james got in a car accident i guess..just heard it on evening news...wow i cant believe it..will he be ok ? http://twtad.com/69750,lebron jame got car accid guessjust heard even newswow not believ itwil ok,neg,sports
is it me or is this the best the playoffs have been in years oh yea lebron and melo in the finals,best playoff year oh yea lebron melo final,pos,sports
"@khalid0456 No, Lebron is the best",no lebron best,pos,sports
@the_real_usher LeBron is cool.  I like his personality...he has good character.,lebron cool like personalityh good charact,pos,sports
Watching Lebron highlights. Damn that niggas good,watch lebron highlight damn nigga good,pos,sports
@Lou911 Lebron is MURDERING shit.,lebron murder shit,pos,sports
@uscsports21 LeBron is a monsta and he is only 24. SMH The world ain't ready.,lebron monsta smh world not readi,pos,sports
@cthagod when Lebron is done in the NBA he will probably be greater than Kobe. Like u said Kobe is good but there alot of 'good' players.,lebron done nba probabl greater kobe like said kobe good alot good player,pos,sports
KOBE IS GOOD BT LEBRON HAS MY VOTE,kobe good bt lebron vote,pos,sports
Kobe is the best in the world not lebron .,kobe best world not lebron,neg,sports
"@asherroth World Cup 2010 Access?? Damn, that's a good look!",world cup access damn good look,pos,unlabeled
Just bought my tickets for the 2010 FIFA World Cup in South Africa. Its going to be a great summer. http://bit.ly/9GEZI,bought ticket fifa world cup south africa go great summer,pos,sports
Share: Disruption...Fred Wilson's slides for his talk at Google HQ  http://bit.ly/Bo8PG,share disruptionfr wilson slide talk googl hq,neutral,unlabeled
I have to go to Booz Allen Hamilton for a 2hr meeting :(  But then i get to go home :),go booz allen hamilton hr meet :( get go home :),neg,unlabeled
"The great Indian tamasha truly will unfold from May 16, the result day for Indian General Election.",great indian tamasha truli unfold may result day indian gener elect,pos,unlabeled
"@crlane I have the Kindle2. I've seen pictures of the DX, but haven't seen it in person. I love my Kindle - I'm on it everyday.",kindl seen pictur dx not seen person love kindl everyday,pos,books
@criticalpath Such an awesome idea - the  continual learning program with a Kindle2  http://bit.ly/1ZLfF,awesom idea continu learn program kindl,pos,books
ok.. do nothing.. just thinking about 40D,ok noth think,neutral,unlabeled
"@faithbabywear Ooooh, what model are you getting??? I have the 40D and LOVE LOVE LOVE LOVE it!",oooh model get love love love love,pos,unlabeled
The Times of India: The wonder that is India's election. http://bit.ly/p7u1H,time india wonder india elect,pos,politics
http://is.gd/ArUJ Good video from Google on using search options.,good video googl use search option,pos,unlabeled
@ambcharlesfield lol. Ah my skin is itchy :( damn lawnmowing.,lol ah skin itchi :( damn lawnmow,neg,unlabeled
itchy back!! dont ya hate it!,itchi back not ya hate,neg,unlabeled
Stanford Charity Fashion Show a top draw http://cli.gs/NeNuAH,stanford chariti fashion show top draw,pos,unlabeled
Stanford University?s Facebook Profile is One of the Most Popular Official University Pages - http://tinyurl.com/p5b3fl,stanford univers facebook profil one popular offici univers page,pos,unlabeled
Lyx is cool.,lyx cool,pos,unlabeled
SOOO DISSAPOiNTED THEY SENT DANNY GOKEY HOME... YOU STiLL ROCK ...DANNY ... MY HOMETOWN HERO !! YEAH MiLROCKEE!!,sooo dissapoint sent danni_gokey home still rock danni hometown hero yeah milrocke,pos,unlabeled
"RT @PassionModel 'American Idol' fashion: Adam Lambert tones down, Danny Gokey cute ... http://cli.gs/7JWSHV",american idol fashion adam lambert tone danni_gokey cute,pos,unlabeled
@dannygokey I love you DANNY GOKEY!! :),love danni_gokey :),pos,unlabeled
RT @justindavey: RT @tweetmeme GM OnStar now instantly sends accident location coordinates to 911 | GPS Obsessed http://bit.ly/16szL1,gm onstar instantli send accid locat coordin gp obsess,neutral,car industry
so tired. i didn't sleep well at all last night.,tire not sleep well last_night,neg,unlabeled
Boarding plane for San Francisco in 1 hour; 6 hr flight. Blech.,board plane san_francisco hour hr flight blech,neg,cities
bonjour San Francisco. My back hurts from last night..,bonjour san_francisco back hurt last_night,neg,cities
"breakers. in San Francisco, CA http://loopt.us/4v88Bw.t",breaker san_francisco ca,neutral,cities
Heading to San Francisco,head san_francisco,neutral,cities
With my best girl for a few more hours in San francisco. Mmmmmfamily is wonderful!,best girl hour san_francisco mmmfamili wonder,pos,cities
"F*** up big, or go home - AIG",big go home aig,neg,unlabeled
Went to see the Star Trek movie last night.  Very satisfying.,went see_star trek movi last_night satisfi,pos,movies
"I can't wait, going to see star trek tonight!!",not wait go_see star_trek tonight,pos,movies
Star Trek was as good as everyone said!!,star_trek good everyon said,pos,movies
am loving new malcolm gladwell book - outliers,love new malcolm_gladwel book outlier,pos,books
I highly recommend Malcolm Gladwell's 'The Tipping Point.' My next audiobook will probably be one of his as well.,highli recommend malcolm gladwell tip point next audiobook probabl one well,pos,unlabeled
Malcolm Gladwell is a genius at tricking people into not realizing he's a fucking idiot,malcolm_gladwel geniu trick peopl not realiz fuck idiot,neg,books
"@sportsguy33 hey no offense but malcolm gladwell is a pretenious, annoying cunt and he brings you down. cant read his shit",hey no offens malcolm_gladwel preteni annoy cunt bring not read shit,neg,books
RT @clashmore: http://bit.ly/SOYv7  Great article by Malcolm Gladwell.,great articl malcolm_gladwel,pos,books
I seriously underestimated Malcolm Gladwell.  I want to meet this dude.,serious underestim malcolm_gladwel want meet dude,pos,books
i hate comcast right now. everything is down cable internet &amp; phone....ughh what am i to do,hate comcast right everyth cabl internet phoneughh,neg,cable TV
Comcast sucks.,comcast suck,neg,cable TV
The day I never have to deal with Comcast again will rank as one of the best days of my life.,day never deal comcast rank one best day life,neg,cable TV
@Dommm did comcast fail again??,comcast fail,neg,cable TV
How do you use the twitter API?... http://bit.ly/4VBhH,use twitter_api,neutral,Twitter
curses the Twitter API limit,curs twitter_api limit,neg,Twitter
"Now I can see why Dave Winer screams about lack of Twitter API, its limitations and access throttles!",see dave winer scream lack twitter_api limit access throttl,neg,Twitter
testing Twitter API,test twitter_api,neutral,Twitter
Arg. Twitter API is making me crazy.,arg twitter_api make crazi,neg,Twitter
Testing Twitter API. Remote Update,test twitter_api remot updat,neutral,Twitter
I'm really loving the new search site Wolfram/Alpha. Makes Google seem so ... quaint. http://www72.wolframalpha.com/,realli love new search site wolfram alpha make googl seem quaint,pos,IT
"#wolfram Alpha SUCKS! Even for researchers the information provided is less than you can get from #google or #wikipedia, totally useless!",wolfram alpha suck even research inform provid less get googl wikipedia total useless,neg,IT
Off to the NIKE factory!!!,nike factori,pos,Nike
New nike muppet commercials are pretty cute. Why do we live together again?,new nike muppet commerci pretti cute live togeth,pos,Nike
New blog post: Nike Zoom LeBron Soldier 3 (III) - White / Black - Teal http://bit.ly/rouUS,new_blog post nike zoom lebron soldier iii white black teal,neutral,blogging
New blog post: Nike Trainer 1 http://bit.ly/394bp,new_blog post nike trainer,neutral,blogging
@Fraggle312 oh those are awesome! i so wish they weren't owned by nike :(,oh awesom wish not own nike :(,neg,Nike
@tonyhawk http://twitpic.com/5c7uj - AWESOME!!! Seeing the show Friday at the Shoreline Amphitheatre. Never seen NIN before. Can't wait. ...,awesom see show friday shorelin amphitheatr never seen nin not wait,pos,unlabeled
"arhh, It's weka bug. = ="" and I spent almost two hours to find that out. crappy me",arhh weka bug spent almost two hour find crappi,neg,unlabeled
"@mitzs hey bud :) np I do so love my 50D, although I'd love a 5D mkII more",hey bud :) np love although would love mkii,pos,unlabeled
@jonduenas @robynlyn just got us a 50D for the office. :D,got us offic :d,pos,politics
Just picked up my new Canon 50D...it's beautiful!!  Prepare for some seriously awesome photography!,pick new canon dit beauti prepar serious awesom photographi,pos,DSLR cameras
Just got my new toy. Canon 50D. Love love love it!,got new toy canon love love love,pos,DSLR cameras
Learning about lambda calculus :),learn lambda calculu :),pos,IT
"#jobs #sittercity Help with taking care of sick child (East Palo Alto, CA) http://tinyurl.com/qwrr2m",job sitterc help take care sick child east_palo alto ca,neutral,cities
I'm moving to East Palo Alto!,move east_palo alto,pos,cities
@ atebits I just finished watching your Stanford iPhone Class session. I really appreciate it. You Rock!,atebit finish watch stanford iphon class session realli appreci rock,pos,mobile devices
@jktweet Hi! Just saw your Stanford talk and really liked your advice. Just saying Hi from Singapore (yes the videos do get around),hi saw stanford talk realli like advic say hi singapor ye video get around,pos,unlabeled
#MBA Admissions Tips Stanford GSB Deadlines and Essay Topics 2009-2010 http://tinyurl.com/pet4fd,mba admiss tip stanford gsb deadlin essay topic,neutral,unlabeled
Ethics and nonprofits - http://bit.ly/qsXRp  #stanford #socialentrepreneurship,ethic nonprofit stanford socialentrepreneurship,neutral,unlabeled
LAKERS tonight let's go!!!!,laker tonight let us go,pos,politics
Will the Lakers kick the Nuggets ass tonight?,laker kick nugget ass tonight,pos,sports
Oooooooh... North Korea is in troubleeeee! http://bit.ly/19epAH,oooh north_korea troublee,neg,politics
Wat the heck is North Korea doing!!??!! They just conducted powerful nuclear tests! Follow the link: http://www.msnbc.msn.com/id/30921379,wat heck north_korea conduct power nuclear test follow link,neg,politics
Listening to Obama... Friggin North Korea...,listen obama friggin north_korea,neg,politics
"I just realized we three monkeys in the white Obama.Biden,Pelosi . Sarah Palin 2012",realiz three monkey white obama.biden pelosi sarah palin,neg,politics
@foxnews Pelosi should stay in China and never come back.,pelosi stay china never come back,neg,politics
Nancy Pelosi gave the worst commencement speech I've ever heard. Yes I'm still bitter about this,nanci pelosi gave worst commenc speech ever heard ye still bitter,neg,politics
ugh. the amount of times these stupid insects have bitten me. Grr..,ugh amount time stupid insect bitten grr,neg,unlabeled
Prettiest insects EVER - Pink Katydids: http://bit.ly/2Upw2p,prettiest insect ever pink katydid,pos,unlabeled
Just got barraged by a horde of insects hungry for my kitchen light. So scary.,got barrag hord insect hungri kitchen light scari,neg,unlabeled
Just had McDonalds for dinner. :D It was goooood. Big Mac Meal. ;),mcdonald dinner :d goood big mac meal ;),pos,food
AHH YES LOL IMA TELL MY HUBBY TO GO GET ME SUM MCDONALDS =],ahh ye lol tell hubbi go get sum mcdonald =],pos,food
Stopped to have lunch at McDonalds. Chicken Nuggetssss! :) yummmmmy.,stop lunch mcdonald chicken nuggetsss :) yummmi,pos,food
Could go for a lot of McDonalds. i mean A LOT.,could go lot mcdonald mean lot,pos,food
my exam went good. @HelloLeonie: your prayers worked (:,exam went good prayer work (:,pos,unlabeled
"Only one exam left, and i am so happy for it :D",one exam left happi :d,pos,unlabeled
Math review. Im going to fail the exam.,math review go fail exam,neg,unlabeled
Colin Powell rocked yesterday on CBS. Cheney needs to shut the hell up and go home.Powell is a man of Honor and served our country proudly,colin powel rock yesterday cb cheney need shut hell go home.powel man honor serv countri proudli,neg,unlabeled
obviously not siding with Cheney here: http://bit.ly/19j2d,obvious not side cheney,neg,unlabeled
Absolutely hilarious!!! from @mashable:  http://bit.ly/bccWt,absolut hilari,pos,unlabeled
@mashable I never did thank you for including me in your Top 100 Twitter Authors! You Rock! (&amp; I New Wave :-D) http://bit.ly/EOrFV,never thank includ top twitter author rock new wave :-d,pos,Twitter
Learning jQuery 1.3 Book Review - http://cfbloggers.org/?c=30629,learn jqueri book review,neutral,books
RT @shrop: Awesome JQuery reference book for Coda! http://www.macpeeps.com/coda/ #webdesign,awesom jqueri refer book coda webdesign,pos,books
I've been sending e-mails like crazy today to my contacts...does anyone have a contact at Goodby SIlverstein...I'd love to speak to them,send e-mail like crazi today contactsdo anyon contact goodbi silversteini'd love speak,pos,unlabeled
Adobe CS4 commercial by Goodby Silverstein: http://bit.ly/1aikhF,adob cs commerci goodbi_silverstein,neutral,unlabeled
"Goodby, Silverstein's new site... http://www.goodbysilverstein.com/ I enjoy it.",goodbi_silverstein new site enjoy,pos,unlabeled
Wow everyone at the Google I/O conference got free G2's with a month of unlimited service,wow everyon googl confer got free g month unlimit servic,pos,unlabeled
@vkerkez dood I got a free google android phone at the I/O conference. The G2!,dood got free googl android phone confer,pos,mobile devices
"@Orli the G2 is amazing btw, a HUGE improvement over the G1",amaz btw huge improv,pos,unlabeled
"HTML 5 Demos! Lots of great stuff to come! Yes, I'm excited. :) http://htmlfive.appspot.com #io2009 #googleio",html demo lot great stuff come ye excit :) io googleio,pos,unlabeled
@googleio http://twitpic.com/62shi - Yay! Happy place! Place place!  I love Google!,yay happi place place place love googl,pos,unlabeled
#GoogleIO | O3D - Bringing 3d graphics to the browser. Very nice tbh. Funfun.,googleio od bring graphic browser nice tbh funfun,pos,unlabeled
"Awesome viral marketing for ""Funny People"" http://www.nbc.com/yo-teach/",awesom viral_market funni peopl,pos,unlabeled
"Watching a programme about the life of Hitler, its only enhancing my geekiness of history.",watch programm life hitler enhanc geeki histori,neutral,unlabeled
saw night at the museum out of sheer desperation. who is funding these movies?,saw night_museum sheer desper fund movi,neg,movies
Night At The Museum 2? Pretty furkin good.,night_museum pretti furkin good,pos,movies
Watching Night at the Museum - giggling.,watch_night museum giggl,pos,movies
"@pambeeslyjenna Jenna, I went to see Night At The Museum 2 today and I was so surprised to see three cast members from The Office...",jenna went see_night museum today surpris see three cast member offic,neutral,movies
About to watch Night at the Museum with Ryan and Stacy,watch_night museum ryan staci,neutral,movies
"Getting ready to go watch Night at the Museum 2.  Dum dum, you give me gum gum!",get readi go watch_night museum dum dum give gum gum,neutral,movies
"Back from seeing 'Star Trek' and 'Night at the Museum.' 'Star Trek' was amazing, but 'Night at the Museum' was; eh.",back see_star trek night_museum star_trek amaz night_museum eh,neg,movies
just watched night at the museum 2! so stinkin cute!,watch_night museum stinkin cute,pos,movies
"So, Night at the Museum 2 was AWESOME! Much better than part 1. Next weekend we'll see Up.",night_museum awesom much better part next weekend see,pos,movies
"I think I may have a new favorite restaurant. On our way to see ""Night at the Museum 2"".",think may new favorit restaur way see_night museum,neutral,movies
"UP! was sold out, so i'm seeing Night At The Museum 2. I'm __ years old.",sold see_night museum year old,neutral,movies
saw the new Night at the Museum and i loved it. Next is to go see UP in 3D,saw new night_museum love next go_see,pos,movies
It is a shame about GM. What if they are forced to make only cars the White House THINKS will sell? What do you think?,shame gm forc make car white hous think sell think,neg,car industry
"As u may have noticed, not too happy about the GM situation, nor AIG, Lehman, et al",may notic not happi gm situat nor aig lehman et al,neg,car industry
Obama: Nationalization of GM to be short-term   (AP) http://tinyurl.com/md347r,obama nation gm short-term ap,neutral,politics
@Pittstock $GM good riddance.  sad though.,gm good riddanc sad though,neg,car industry
"I Will NEVER Buy a Government Motors Vehicle: Until just recently, I drove GM cars. Since 1988, when I bought a .. http://tinyurl.com/lulsw8",never buy govern motor vehicl recent drove gm car sinc bought,neg,car industry
Having the old Coca-Cola guy on the GM board is stupid has heck! #tcot #ala,old coca-cola guy gm board stupid heck tcot ala,neg,car industry
#RantsAndRaves The worst thing about GM (concord / pleasant hill / martinez): is the fucking UAW. ..   http://buzzup.com/4ueb,rantsandrav worst thing gm concord pleasant hill martinez ): fuck uaw,neg,car industry
"Give a man a fish, u feed him for the day. Teach him to fish, u feed him for life. Buy him GM, and u F**K him over for good.",give man fish feed day teach fish feed life buy gm good,neg,car industry
"The more I hear about this GM thing the more angry I get. Billions wasted, more bullshit. All for something like 40k employees and all the..",hear gm thing angri get billion wast bullshit someth like employe,neg,car industry
@QuantTrader i own a GM car and it is junk as far as quality compared to a honda,gm car junk far qualiti compar honda,neg,car industry
sad day...bankrupt GM,sad daybankrupt gm,neg,car industry
is upset about the whole GM thing. life as i know it is so screwed up,upset whole gm thing life know screw,neg,car industry
whoever is running time warner needs to be repeatedly raped by a rhino so they understand the consequences of putting out shitty cable svcs,whoever run time_warner need repeatedli rape rhino understand consequ put shitti cabl svc,neg,cable TV
"Time Warner CEO hints at online fees for magazines      (AP) - Read from Mountain View,United States. Views 16209 http://bit.ly/UdFCH",time_warner ceo hint onlin fee magazin ap read mountain view unit state view,neutral,cable TV
#WFTB Joining a bit late. My connection was down (boo time warner),wftb join bit late connect boo time_warner,neg,cable TV
Cox or Time Warner?  Cox is cheaper and gets a B on dslreports.  TW is more expensive and gets a C.,cox time_warner cox cheaper get dslreport tw expens get,neg,cable TV
i am furious with time warner and their phone promotions!,furiou time_warner phone promot,neg,mobile devices
Just got home from chick-fil-a with the boys. Damn my internets down =( stupid time warner,got home chick-fil-a boy damn internet =( stupid time_warner,neg,cable TV
could time-warner cable suck more?  NO.,could time-warn cabl suck no,neg,cable TV
Pissed at Time Warner for causin me to have slow internet problems,piss time_warner causin slow internet problem,neg,cable TV
"@sportsguy33 Ummm, having some Time Warner problems?",ummm time_warner problem,neg,cable TV
You guys see this?  Why does Time Warner have to suck so much ass?  Really wish I could get U-Verse at my apartment. http://bit.ly/s594j,guy see time_warner suck much ass realli wish could get you-vers apart,neg,cable TV
"RT @sportsguy33 The upside to Time Warner: unhelpful phone operators   superslow on-site service. Crap, that's not an upside.",upsid time_warner unhelp phone oper superslow on-sit servic crap not upsid,neg,mobile devices
"RT @sportsguy33: New Time Warner slogan: ""Time Warner, where we make you long for the days before cable.""",new time_warner slogan time_warner make long day cabl,neg,cable TV
"confirmed: it's Time Warner's fault, not Facebook's, that fb is taking about 3 minutes to load. so tempted to switch to verizon =/",confirm time_warner fault not facebook fb take minut load tempt switch verizon =/,neg,cable TV
@sportsguy33 Time Warner = epic fail,time_warner epic fail,neg,cable TV
Lawson to head Newedge Hong Kong http://bit.ly/xLQSD #business #china,lawson head newedg hong kong busi china,neutral,politics
Weird Piano Guitar House in China! http://u2s.me/72i8,weird piano guitar hous china,neutral,politics
Send us your GM/Chevy photos http://tinyurl.com/luzkpq,send us gm chevi photo,neutral,politics
I know. How sad is that?  RT @caseymercier: 1st day of hurricane season. That's less scarey than govt taking over GM.,know sad st day hurrican season less scarey govt take gm,neg,car industry
"GM files Bankruptcy, not a good sign...",gm file bankruptci not good sign,neg,car industry
yankees won mets lost. its a good day.,yanke met lost good day,pos,sports
My dentist appt today was actually quite enjoyable.,dentist appt today actual quit enjoy,pos,dentist
I hate the effing dentist.,hate ef dentist,neg,dentist
@stevemoakler i had a dentist appt this morning and had the same conversation!,dentist appt morn convers,neutral,dentist
@kirstiealley I hate going to the dentist.. !!!,hate go dentist,neg,dentist
i hate the dentist....who invented them anyways?,hate dentistwho invent anyway,neg,unlabeled
this dentist's office is cold :/,dentist offic cold :/,neg,dentist
Check this video out -- David After Dentist http://bit.ly/47aW2,check video david dentist,neutral,dentist
First dentist appointment [in years] on Wednesday possibly.,first dentist appoint year wednesday possibl,neutral,dentist
Tom Shanahan's latest column on SDSU and its NCAA Baseball Regional appearance: http://ow.ly/axhu,tom shanahan latest column sdsu ncaa basebal region appear,neutral,sports
BaseballAmerica.com: Blog: Baseball America Prospects Blog ? Blog ... http://bit.ly/EtT8a,baseballamerica.com blog basebal america prospect blog blog,neutral,blogging
Portland city politics may undo baseball park http://tinyurl.com/lpjquj,portland citi polit may undo basebal park,neutral,sports
"RT @WaterSISWEB: CA Merced's water bottled by Safeway, resold at a profit: Wells are drying up across the county http://tinyurl.com/mb573s",ca merced water bottl safeway resold profit well dri across counti,neutral,food
dropped her broccoli walking home from safeway! ;( so depressed,drop broccoli walk home safeway ;( depress,neutral,food
@ronjon we don't have Safeway.,not safeway,neutral,food
Just applied at Safeway!(: Yeeeee!,appli safeway (: yeee,pos,food
@ Safeway. Place is a nightmare right now. Bumming.,safeway place nightmar right bum,neg,food
at safeway with dad,safeway dad,neutral,food
"HATE safeway select green tea icecream! bought two cartons, what a waste of money.  &gt;_&lt;",hate safeway select green tea icecream bought two carton wast money,neg,food
"Safeway with Marvin, Janelle, and Auntie Lhu",safeway marvin janel aunti lhu,neutral,food
Safeway offering mobile coupons http://bit.ly/ONH7w,safeway offer mobil coupon,neutral,food
"Phillies Driving in the Cadillac with the Top Down in Cali, Win 5-3 - http://tinyurl.com/nzcjqa",philli drive cadillac top cali win,neutral,unlabeled
Saved money by opting for grocery store trip and stocking food in hotel room fridge vs. eating out every night while out of town.,save money opt groceri store trip stock food hotel room fridg vs eat everi night town,neutral,food
"Lounging around, eating Taco Bell and watching NCIS before work tonight. Need help staying awake.",loung around eat taco bell watch nci work tonight need help stay awak,neutral,food
eating breakfast and then school,eat breakfast school,neutral,food
still hungry after eating....,still hungri eat,neutral,food
10 tips for healthy eating ? ResultsBy Fitness Blog :: Fitness ... http://bit.ly/62gFn,tip healthi eat resultsbi fit blog :: fit,neutral,blogging
"with the boyfriend, eating a quesadilla",boyfriend eat quesadilla,neutral,food
"Eating dinner. Meat, chips, and risotto.",eat dinner meat chip risotto,neutral,food
got a new pair of nike shoes. pics up later,got new pair nike shoe pic later,neutral,Nike
"Nike SB Blazer High ""ACG"" Custom - Brad Douglas - http://timesurl.at/45a448",nike sb blazer high acg custom brad dougla,neutral,Nike
Nike rocks. I'm super grateful for what I've done with them :) &amp; the European Division of NIKE is BEYOND! @whitSTYLES @muchasmuertes,nike rock super grate done :) european divis nike beyond,pos,Nike
Nike Air Yeezy Khaki/Pink Colorway Release - http://shar.es/bjfN,nike air yeezi khaki pink colorway releas,neutral,Nike
@evelynbyrne have you tried Nike  ? V. addictive.,tri nike addict,pos,Nike
@erickoston That looks an awful lot like one of Nike's private jets....I'm just sayin....,look aw lot like one nike privat jetsi'm sayin,neutral,Nike
The Nike Training Club (beta) iPhone app looks very interesting.,nike train club beta iphon app look interest,pos,mobile devices
argghhhh why won't  my jquery appear in safari bad safari !!!,argghhh not jqueri appear safari bad safari,neg,IT
DevSnippets : jQuery Tools - Javascript UI Components for the Web... http://inblogs.org/go/hfuqt,devsnippet jqueri tool javascript ui compon web,neutral,IT
"all about Ajax,jquery ,css ,JavaScript and more... (many examples) http://ajaxian.com/",ajax jqueri css javascript mani exampl,neutral,IT
"I'm ready to drop the pretenses, I am forever in love with jQuery, and I want to marry it. Sorry ladies, this nerd is jquery.spokenFor.js",readi drop pretens forev love jqueri want marri sorri ladi nerd jquery.spokenfor.j,pos,IT
"This is cold.. I was looking at google's chart//visualization API and found this jQuery ""wrapper"" for the API...  http://tinyurl.com/mq52bq",cold look google chart visual api found jqueri wrapper api,neutral,IT
I spent most of my day reading a jQuery book. Now to start drinking some delirium tremens.,spent day read jqueri book start drink delirium tremen,neutral,books
jquery Selectors http://codylindley.com/jqueryselectors/,jqueri selector,neutral,IT
How to implement a news ticker with jQuery and ten lines of code http://bit.ly/CZnFJ,implement news ticker jqueri ten line code,neutral,IT
What's Buffet Doing? Warren Buffett Kicks Butt In Battle of the Boots: Posted By:Alex Crippe.. http://bit.ly/AUIzO,buffet warren buffett kick butt battl boot post alex cripp,neutral,Warren Buffett
"SUPER INVESTORS: A great weekend read here from Warren Buffet. Oldie, but a goodie. http://tinyurl.com/oqxgga",super investor great weekend read warren_buffet oldi goodi,pos,Warren Buffett
I'm truly braindead.  I couldn't come up with Warren Buffet's name to save my soul,truli braindead could not come warren_buffet name save soul,neutral,Warren Buffett
"reading Michael Palin book, The Python Years...great book. I also recommend Warren Buffet &amp; Nelson Mandela's bio",read michael palin book python yearsgreat book also recommend warren_buffet nelson mandela bio,pos,Warren Buffett
"I mean, I'm down with Notre Dame if I have to.  It's a good school, I'd be closer to Dan, I'd enjoy it.",mean notr dame good school would closer dan would enjoy,pos,unlabeled
"I can't watch TV without a Tivo.  And after all these years, the Time/Warner DVR  STILL sucks. http://www.davehitt.com/march03/twdvr.html",not watch tv without tivo year time_warner dvr still suck,neg,cable TV
I'd say some sports writers are idiots for saying Roger Federer is one of the best ever in Tennis.  Roger Federer is THE best ever in Tennis,would say sport writer idiot say roger feder one best ever tenni roger feder best ever tenni,pos,sports
I still love my Kindle2 but reading The New York Times on it does not feel natural. I miss the Bloomingdale ads.,still love kindl read new york time not feel natur miss bloomingdal ad,neg,books
I love my Kindle2. No more stacks of books to trip over on the way to the loo.,love kindl no stack book trip way loo,pos,books
"Although today's keynote rocked, for every great announcement, AT&amp;T shit on us just a little bit more.",although today keynot rock everi great announc shit us littl bit,neg,politics
"@sheridanmarfil - its not so much my obsession with cell phones, but the iphone!  i'm a slave to at&amp;t forever because of it. :)",not much obsess cell phone iphon slave forev :),neg,mobile devices
@freitasm oh I see. I thought AT&amp;T were 900MHz WCDMA?,oh see thought mhz wcdma,neutral,unlabeled
@Plip Where did you read about tethering support Phil?  Just AT&amp;T or will O2 be joining in?,read tether support phil join,neutral,mobile devices
Fuzzball is more fun than AT&amp;T ;P http://fuzz-ball.com/twitter,fuzzbal fun ;p,neg,unlabeled
"Today is a good day to dislike AT&amp;T. Vote out of office indeed, @danielpunkass",today good day dislik vote offic inde,neg,unlabeled
GOT MY WAVE SANDBOX INVITE! Extra excited! Too bad I have class now... but I'll play with it soon enough! #io2009 #wave,got wave sandbox invit extra excit bad class play soon enough io wave,pos,unlabeled
looks like summize has gone down. too many tweets from WWDC perhaps?,look like summiz gone mani tweet wwdc perhap,neg,Twitter
I hope the girl at work  buys my Kindle2,hope girl work buy kindl,neutral,books
Missed this insight-filled May column: One smart guy looking closely at why he's impressed with Kindle2 http://bit.ly/i0peY @wroush,miss insight-fil may column one smart guy look close impress kindl,neutral,books
"@sklososky Thanks so much!!! ...from one of your *very* happy Kindle2 winners ; ) I was so surprised, fabulous. Thank you! Best, Kathleen",thank much one happi kindl winner surpris fabul thank best kathleen,pos,books
Man I kinda dislike Apple right now. Case in point: the iPhone 3GS. Wish there was a video recorder app. Please?? http://bit.ly/DZm1T,man kind dislik appl right case point iphon gs wish video record app pleas,neg,mobile devices
@cwong08 I have a Kindle2 (&amp; Sony PRS-500). Like it! Physical device feels good. Font is nice. Pg turns are snappy enuf. UI a little klunky.,kindl soni pr like physic devic feel good font nice pg turn snappi enuf ui littl klunki,pos,books
"The #Kindle2 seems the best eReader, but will it work in the UK and where can I get one?",kindl seem best eread work uk get one,pos,books
"I have a google addiction. Thank you for pointing that out, @annamartin123. Hahaha.",googl addict thank point hahaha,pos,unlabeled
@ruby_gem My primary debit card is Visa Electron.,primari debit card visa electron,neutral,unlabeled
Off to the bank to get my new visa platinum card,bank get new visa platinum card,neutral,unlabeled
"dearest @google, you rich bastards! the VISA card you sent me doesn't work. why screw a little guy like me?",dearest rich bastard visa card sent not work screw littl guy like,neg,unlabeled
has a date with bobby flay and gut fieri from food network,date bobbi_flay gut fieri food network,neutral,Bobby Flay
Excited about seeing Bobby Flay and Guy Fieri tomorrow at the Great American Food &amp; Music Fest!,excit see bobbi_flay guy fieri tomorrow great american food music fest,pos,Bobby Flay
Gonna go see Bobby Flay 2moro at Shoreline. Eat and drink. Gonna be good.,go go_see bobbi_flay moro shorelin eat drink go good,pos,Bobby Flay
can't wait for the great american food and music festival at shoreline tomorrow.  mmm...katz pastrami and bobby flay. yes please.,not wait great american food music festiv shorelin tomorrow mmmkatz pastrami bobbi_flay ye pleas,pos,Bobby Flay
"My dad was in NY for a day, we ate at MESA grill last night and met Bobby Flay. So much fun, except I completely lost my voice today.",dad ny day ate mesa grill last_night met bobbi_flay much fun except complet lost voic today,pos,Bobby Flay
Fighting with LaTex. Again...,fight latex,neg,IT
@Iheartseverus we love you too and don't want you to die!!!!!!  Latex = the devil,love not want die latex devil,neg,IT
"7 hours. 7 hours of inkscape crashing, normally solid as a rock. 7 hours of LaTeX complaining at the slightest thing. I can't take any more.",hour hour inkscap crash normal solid rock hour latex complain slightest thing not take,neg,IT
How to Track Iran with Social Media: http://bit.ly/2BoqU,track iran social media,neutral,politics
Shit's hitting the fan in Iran...craziness indeed #iranelection,shit hit fan irancrazi inde iranelect,neg,politics
Monday already. Iran may implode. Kitchen is a disaster. @annagoss seems happy. @sebulous had a nice weekend and @goldpanda is great. whoop.,monday alreadi iran may implod kitchen disast seem happi nice weekend great whoop,neg,politics
Twitter Stock buzz: $AAPL $ES_F $SPY $SPX $PALM  (updated: 12:00 PM),twitter stock buzz aapl es_f spi spx palm updat pm,neutral,Twitter
getting ready to test out some burger receipes this weekend. Bobby Flay has some great receipes to try. Thanks Bobby.,get readi test burger receip weekend bobbi_flay great receip tri thank bobbi,pos,Bobby Flay
@johncmayer is Bobby Flay joining you?,bobbi_flay join,neutral,Bobby Flay
i lam so in love with Bobby Flay... he is my favorite. RT @terrysimpson: @bflay you need a place in Phoenix. We have great peppers here!,lam love bobbi_flay favorit need place phoenix great pepper,pos,Bobby Flay
"I just created my first LaTeX file from scratch. That didn't work out very well. (See @amandabittner , it's a great time waster)",creat first latex file scratch not work well see great time waster,neg,IT
using Linux and loving it - so much nicer than windows... Looking forward to using the wysiwyg latex editor!,use linux love much nicer window look forward use wysiwyg latex editor,pos,IT
"After using LaTeX a lot, any other typeset mathematics just looks hideous.",use latex lot typeset mathemat look hideou,pos,IT
Ask Programming: LaTeX or InDesign?: submitted by calcio1 [link] [1 comment] http://tinyurl.com/myfmf7,ask program latex indesign submit calcio link comment,neutral,IT
"On that note, I hate Word. I hate Pages. I hate LaTeX. There, I said it. I hate LaTeX. All you TEXN3RDS can come kill me now.",note hate word hate page hate latex said hate latex texnrd come kill,neg,IT
Ahhh... back in a *real* text editing environment. I &lt;3 LaTeX.,ahhh back real text edit environ latex,pos,IT
"Trouble in Iran, I see. Hmm. Iran. Iran so far away. #flockofseagullsweregeopoliticallycorrect",troubl iran see hmm iran iran far away flockofseagullsweregeopoliticallycorrect,neg,politics
Reading the tweets coming out of Iran... The whole thing is terrifying and incredibly sad...,read tweet come iran whole thing terrifi incred sad,neg,politics
